smiles,vapour,aerosol,gas
NCc1ccccc1,0.525,,
COc1ccccc1,6.51,,
ClSSCl,2.5,,
Cl[Si](Cl)Cl,1.5,,
Cl[Si](Cl)(Cl)Cl,1312,,
NC1CCCC1,7.7,,
CCCC1CO1,15.53333333,,
ClC\C=C/Cl,707,,
C[Si]1(C)N[Si](C)(C)N[Si](C)(C)N1,4.9,,
C=CCOc1nc(OCC=C)nc(OCC=C)n1,0.333,,
CC(=C)C(=O)OC1CCCCC1,55,,
CCCCN(CCCC)CCCC,0.5,,
O=C=Nc1ccccc1,0.022,,
CCCCC(CC)CN,1.548,,
Clc1ccc(C=O)cc1,0.2855,,
CCc1ccc(C)nc1,2.67,,
COc1ccc(C)cc1,6.1,,
CCC1=NCCO1,327.75,,
FC(F)=C(F)OC(F)(F)C(F)(F)F,21000,,
CCC(=O)OC=C,10.2,,
COC(=O)CC(C)=O,16.5,,
CN(C(=S)SSC(=S)N(C)c1ccccc1)c2ccccc2,5.064,,
Clc1ccc(Cl)cc1,5.07,,
CC(C)COC(=O)C=C,10.5,,
CCCBr,35,,
BrCC=C,2.41,,
CCC=C,10000,,
C[Si](C)Cl,4478,,
[Li+].C[Si](C)(C)[O-],3151,,
CCC[Si](OC)(OC)OC,22.2,,
C\C=C\C,10000,,
ClCCCl,7.758,,
CCCN,7.083333333,,
NCC=C,177,,
CCC#N,3.3,,
C=CC#N,943.3333333,,
OCC=C,92.05666667,,
OCC#C,2,,
ClCC=O,0.65,,
COC=O,5.2,,
C[Si](C)(C)O[Si](C)(C)C,15956,,
C[Si](C)(C)O[Si](C)(C)O[Si](C)(C)C,22.6,,
CC(C)(C)OC(=O)CCl,4.738,,
CC(C)CCN,11.23333333,,
CC(C)=CC=O,6.5,,
CN(C)CCO,1641,,
CC(C)CC(C)=O,9.9,,
CC(C)CC(C)O,16,,
CC(C)NC(C)C,5.35,,
CC(=C)OC(C)=O,22,,
CC(C)CC(=O)CC(C)C,14.5,,
Cc1ccccc1,27.93333333,,
Clc1ccccc1,20.4,,
Cc1ccccn1,9.4,,
CC(C)C(=O)OOC(C)(C)C,2.53,,
CN(C)CCCN,4.31,,
CCCC=C,10000,,
CCCCN,4.2,,
COCOC,57,,
CCNCC,5700,,
CCOC=O,28.95,,
C1CCSC1,6270,,
CC(C)COC(C)=O,30,,
CCCCCC(C)=O,16.7,,
CCCCCC,73860,,
CCCCC=O,14.3,,
COCCOC,20,,
CCOCCO,7.36,,
C1CCCCC1,32.88,,
C1COC=CC1,10.7,,
C1OCOCO1,39.2,,
C1CCNCC1,4.8,,
C[NH+](C)CCC[NH+](C)C,502.66,,
CCO[Si](OCC)(OCC)OCC,20,,
CCCCCCN,74.67,,
CCCCOC=C,33.3,,
CCCCN=C=O,0.059,,
ClCCOCCCl,250,,
CC(=O)OCCOC(C)=O,0.845,,
CCCCCCCC(Cl)=O,0.63,,
CCCCCCCC,24.88,,
CCCCCCC=C,8050,,
CCCCCCCCC,17,,
CCCCCCCCS,3.1,,
CCCCNCCCC,218,,
COCCCOCCCOC,792,,
CO[Si](C)(C)OC,4.7,,
CCCCCCCCC(O)=O,5.3,,
CCCCCCCCCCCC,6.1,,
CCCCCCCCCCC=C,8050,,
CCCCCCCCCCCO,0.7,,
CCCCCCCCCCCCCCCCC=C,8050,,
CCCCCCCCCCC,6.1,,
CCCCCCCCCCCCC=C,8050,,
CC(C)=C,10000,,
CC(C)(O)C=C,21.2,,
CC(C)(O)C#C,21.3,,
CC[Si](Cl)(Cl)Cl,1257,,
CO[Si](C)(OC)OC,7605,,
O=C1CCCC1,19.5,,
N12[Si]34N5[Si]16N3[Si]25N46,5.07,,
O.[Pb].O[S](O)(=O)=O,5.05,,
O.O.O.O.[Pb].[Pb].[Pb].[Pb].[Pb].[O-][S]([O-])(=O)=O,5.05,,
CCN(CC)CC,3496,,
[Mn].C[c-]1cccc1.[C-]#[O+].[C-]#[O+].[C-]#[O+],0.1615,,
[Pb++].[O-][S]([O-])(=O)=O.O=[Pb].O=[Pb].O=[Pb],5.05,,
CCCC(C)C=O,8.4,,
CCC=O,4.6,,
CC(=O)CC(C)=O,1224,,
CCCC=O,5.46,,
[H+].[Cl-].C1CCNC1,11.66666667,,
CC1=NNC(=O)N(C1)\N=C\c2cccnc2,1.8,,
CCCCCCCCCC,6.1,,
C[S](Cl)(=O)=O,19.37056667,,
C[Si](Cl)(Cl)C=C,2021,,
CCCCC(CC)CO[P](=O)(Oc1ccccc1)Oc2ccccc2,2.1,,
CCCCCCCCCCCCCCCCCC(=O)O[Pb]O[Pb]O[Pb]OC(=O)CCCCCCCCCCCCCCCCC,5.05,,
[K+].CC([O-])=O,6.95,,
[Na+].CC([O-])=O,5.81,,
[Zn++].CCCCCC[C@@H](O)C\C=C/CCCCCCCC([O-])=O.CCCCCC[C@@H](O)C\C=C/CCCCCCCC([O-])=O,5.7,,
[Cd]=[Te],2.703333333,,
[O--].[O--].[O--].[In+3].[In+3],5,,
O=[Zn],5.7,,
O1[Pb]O[Pb]2O[Pb]1O2,5.05,,
[S--].[S--].[Sn+4],5.02,,
O=[Pb],5.05,,
COC(C(F)(F)F)C(F)(F)F,12434.41,,
CC(CC(C)(C)C)CC(C)(C)C,4.951,,
[Zn].[Zn].O[Si](O)(O)O,5.7,,
CC(CCl)O[P](=O)(OC(C)CCl)OC(C)CCl,7,,
FC(C(F)C(F)(F)C(F)(F)F)C(F)(F)F,114.428,,
[SiH3]N([SiH3])[SiH3],99,,
CC(C)C(C)(N)C#N,24.56,,
CCC(C)N,11.2,,
CCOC(=O)C=C,19.35,,
[Na+].CCOC([S-])=S,7.69,,
CCCCOC(=O)C=C,10.5,,
NCCO,1.3,,
CCC[Si](Cl)(Cl)Cl,1352,,
CCCC(Cl)=O,3.6,,
C1CC=CC1,22.9,,
[Mg++].CC([O-])=O.CC([O-])=O,5.04,,
CCCCCCC,51.395,,
CCCCOCCCC,21.6,,
ClC(=C)CN=C=S,0.152,,
CCCCOCCOCCOCCO,2.4,,
OC(=O)CC(O)(CC(O)=O)C(O)=O.C1CNCCN1,0.005,,
Cc1[nH]ncc1,28,,
C1CN1,0.1,,
FC(F)(F)C(Br)=C,11726,,
[Pb++].[O-]c1c(cc(c([O-])c1[N+]([O-])=O)[N+]([O-])=O)[N+]([O-])=O,5.05,,
CO[Si](CCCN=C=O)(OC)OC,15,,
Cl\C=C\Cl,24100,,
CC(=O)OC(C=C)C#N,7.866666667,,
CCOCC(C)O,9.59,,
SC1CCCCC1,5.6,,
ClCCCCC(Cl)=O,0.32,,
[Al+3].[O-]c1ccc2cc(ccc2c1N=Nc3ccc(cc3)[S]([O-])(=O)=O)[S]([O-])(=O)=O,1705.881,,
CCO[Si](CC[Si](OCC)(OCC)OCC)(OCC)OCC,26,,
CC(C)(C)N=C=O,1.593,,
CCCCOC(=O)CCS,216.055,,
C\C=C1/CC2CC1C=C2,2866,,
FC(F)=C(F)OC(F)(F)C(F)(F)C(F)(F)F,58.7,,
COC(C)(C)C,85,,
CCOP(OCC)c1ccccc1,0.32,,
CC(C)(C)OC(=O)C=C,7.02,,
Cc1ccc(cc1[N+]([O-])=O)[S](C)(=O)=O,5.41,,
CO[Si](C)(OC)C=C,5,,
CO[Si](C)OC,4.6,,
CN(C)CCOCCO,70,,
C1OCC=C1,6,,
COC(=O)C(C)O,5.4,,
CSCCC(O)C#N,0.651,,
CC(=O)C(O)c1ccccc1,0.25,,
FC(F)(C=C)C(F)(F)C(F)(F)C(F)(F)C(F)(F)C(F)(F)C=C,1761,,
CO[Si](CC(C)C)(OC)OC,1525,,
CO[Si](CC[Si](OC)(OC)OC)(OC)OC,2.4,,
C[Si](O[Si](C)(C)C)O[Si](C)(C)C,22.6,,
Fc1cccc(F)c1C#N,2.64,,
CC(O)C#C,0.53,,
CCO[Si](C)OCC,2378.7,,
Clc1c(Cl)c(Cl)c2C3=Nc4cccc5cccc(N3C(=O)c2c1Cl)c45,2.868,,
CCCCCCCCCCCCOC(=O)C=C,0.69,,
C=COC1CCCCC1,22.007,,
Cc1ccccc1OCC2CO2,6.1,,
C=CN1CCCCCC1=O,1.6,,
[H+].[Cl-].CC(N)CCc1ccccc1,5,,
CC(=C)[C@H]1CC=C(C)C(=O)C1,5.66,,
SCCC(=O)OCCOC(=O)CCS,216.055,,
CO[Si](C)(CC(C)CNCCN)OC,0.6,,
FC(F)(F)OC(F)(Cl)C(F)(F)Cl,21.98,,
[Mg++].CC[O-].CC[O-],60000,,
CC\C(C)=C\CCC(C)=O,10.47,,
Nc1c(Cl)cc(cc1Cl)C(F)(F)F,1.8,,
ClCC(Cl)C(Cl)=C,0.624,,
CN(C)CCOC(=O)C=C,0.223333333,,
CCCCC(CC)COC(Cl)=O,0.26,,
CCO[Si](CCCN=C=O)(OCC)OCC,10.5,,
CO[Si](OC)OC,61,,
CCC=C,10000,,
CCC\C=C\C,8050,,
CCCCCCC(Cl)=O,0.4,,
[Na+].CCC(C)OC(S)=S,7.69,,
CC(O)COC(C)CO,0.17,,
CCCCCCC\C=C\C,8050,,
CCCCCCC(C)(C)S,7.04,,
CCCC=C,19.6,,
CCCC\C=C\CC,8050,,
C[Si]1(O[Si](C)(O[Si](C)(O[Si](C)(O1)C=C)C=C)C=C)C=C,1.32,,
CC\C=C/C#N,850,,
C[Si](C)(O[Si](C)(C)C=C)C=C,246,,
Cc1ccc(cc1N=C=O)N=C=O,66,,
CCCCCCCCN1SC=CC1=O,0.27,,
CCCCCC(C)C,33.52,,
CC(C)(C)c1ccc(O[P@]2OC[C@]3(CO2)CO[P@](OC3)Oc4ccc(cc4C(C)(C)C)C(C)(C)C)c(c1)C(C)(C)C,2,,
CC(C)(C)CCCCCC(=O)OOC(C)(C)C,48.225,,
CC(C)(C)CCCCCC(=O)OOC(C)(C)c1ccccc1,20.4,,
CCN1CCCC1=O,5.1,,
CCC(C)(CCC(C)C)C(O)=O,3,,
CCCCCCCCCCCCCCC=C,8050,,
CCCCCCCCCCCCCCCCC=C,8050,,
[Na+].CC(C)Cc1cc2ccccc2c(c1CC(C)C)[S]([O-])(=O)=O,0.9365,,
CCCCCC\C=C\C,8050,,
CO[Si](OC)(OC)C=C,2773,,
COC(=O)[C@H](C)O,5.4,,
[nH]1cccn1,0.37,,
Clc1cccc(c1)N=C=O,0.046333333,,
CC(C)=CCCC(C)(O)C#C,1,,
COC(=O)CCS,1.81,,
CCCCCCCC[Si](OCC)(OCC)OCC,22,,
CCN(CC)CC#N,62,,
NN,570,,
CN(C)CCN(C)CCN(C)C,290,,
CN(C)CCOCCN(C)C,2.204,,
C=CC1CC2CC1C=C2,2374.5,,
FC(F)(F)C(Cl)Cl,28000,,
CC(=C)C(=O)OCCN=C=O,8.794,,
[Al+3].CCCC[O-].CCCC[O-].CCCC[O-],24.3,,
CC(O)SC=C,1.14,,
COCCOC(=O)C=C,2.7,,
CN(C)CCCO,0.09,,
Nc1ccccc1.ClC(Cl)=O.C=O,0.4635,,
CC1OC1C,5.2,,
C[Si](C)O[Si](C)C,5.8,,
FC(F)(F)c1cccc(c1)N=C=O,0.087,,
CC(C)COC(C)(C)C,68.26666667,,
Clc1ccccc1N=C=O,0.047,,
C[Si](Cl)(Cl)CC[Si](C)(Cl)Cl,1257,,
CCC(C)(C)OO,2.425,,
OCCN1CCCC1=O,0.008,,
CCCCN1CCCC1=O,5.1,,
FC(F)(F)Oc1ccc(cc1)N=C=O,0.0225,,
CC(=C)C(=O)OCC(F)(F)F,4.945,,
CCC(C)NCCO,0.76,,
CC(CC(Cl)=O)CC(C)(C)C,0.24,,
FC(F)(I)C(F)(F)C(F)(F)C(F)(F)I,630.5,,
CCCCCCCCCCCCCCCCCCO[P@]1OC[C@]2(CO1)CO[P@@](OCCCCCCCCCCCCCCCCCC)OC2,2,,
C=COCCCCOC=C,6.3,,
CC(C)(C)CCCCCC(Cl)=O,0.4,,
CC(CC#N)N1CC1,0.54,,
CCN(CC)CC#C,2.1,,
Cl[SiH2]Cl,314,,
C\C=C/C=O,928,,
OCC(F)(F)C(F)(F)F,23.94,,
COC1CCC=CO1,6.1,,
C1CC2CC1C3CC=CC23,212.9076667,,
CC(CCC#N)C#N,0.66,,
Fc1ccc(cc1)C(=O)CCl,0.043,,
Fc1ccc(Br)cc1,18,,
CCOCOCC,6643,,
ClCCCC(Cl)=O,0.65,,
COC(OC)[NH+](C)C,12.16,,
CC1(C)[C@H]2CC[C@@]1(C)C(=O)C2,0.5,,
CC1=CC(C)(C)CC(=O)C1,7,,
CNC(C)C,8.53,,
C=O,463,,
C1CCOCOC1,20.8,,
CC1(C)C2CCC1(C)C(O)C2,0.5,,
CC(C)(C)CCCCCC(=O)OC=C,2.6,,
Fc1ccc(c(F)c1)C(=O)CCl,0.043,,
CCOCCOC(C)(C)C,10.5,,
FC(F)(F)c1ccc(Cl)nc1,19,,
[Ca++].Cc1ccc(N\N=C\2C(=O)C(=Cc3ccccc23)C([O-])=O)c(c1)[S]([O-])(=O)=O,1.51,,
Cc1occc1,852.9,,
CCCOC(=O)[C@H](C)O,5.4,,
CCCCl,6.54,,
CC(C)CC(C)(C)C,33.52,,
CCOC(Cl)=O,0.865,,
Clc1cccc(Cl)c1,17.6,,
[Pb++].CC([O-])=O.CC([O-])=O.CC([O-])=O.CC([O-])=O,5.05,,
CCOCC(C)OC(C)=O,6.99,,
[Cl-].CCCCCCCC[N+](C)(C)CCCCCCCC,10,,
[Al+3].CC(C)[O-].CC(C)[O-].CC(C)[O-],10000,,
CN=C=S,1.9,,
[Zn++].CCC([O-])=O.CCC([O-])=O,5.7,,
[Zn++].CC([O-])=O.CC([O-])=O,6.49,,
ClC(Cl)(Cl)Cl,7228,,
COC1CCCC1,21.5,,
CC(C)C(C)=O,6372.666667,,
CC(C)C(=O)C(C)C,2765,,
O=C1CCO1,25,,
CCCCOC(=O)CC,23.78,,
CC(C)CC=O,42.7,,
Cc1cncc(C)c1,1.16,,
CCCCC=C,8050,,
CCN(C)C,2.3,,
CC(=C)[C@H]1CCC(=CC1)C,2421,,
CNN,96.6,,
CCCCCCOC(Cl)=O,1.17,,
COC(=O)OC,5.36,,
C[Si]1O[Si](C)O[Si](C)O[Si](C)O[Si](C)O1,4.9,,
Cc1cccc(c1)N=C=O,0.0315,,
[Pb++].[O-][S]([O-])=O,5.05,,
CCC\C(C)=N/O,295,,
ClCC#C,4.44,,
CSSC,1310,,
ClCCC(Cl)=O,0.9,,
CC(NC(Cl)=O)C1CCCCC1,0.88,,
CCCCCCCCCCCCC,6.1,,
CCCCCCCCCCCCCC,6.1,,
CCCCCCCCCCCCCCC=C,8050,,
CCOC(C)(C)C,5.88,,
CCCCC(Cl)=O,2.07,,
CCO,4730.892308,,
OC=O,7.85,,
CC(O)=O,16000,,
C(CN1CCOCC1)OCCN2CCOCC2,0.21,,
C1COCO1,68.4,,
OCCC(F)(F)C(F)(F)C(F)(F)C(F)(F)C(F)(F)C(F)(F)F,5.2,,
CC(=C)[C@@H]1CC=C(C)C(=O)C1,5.66,,
[Na+].[O-]C(=O)C(Cl)(Cl)Cl,20,,
[Cl-].CC[NH2+]CC,5700,,
C1CC(CC=C1)C2OCC3(CO2)COC(OC3)C4CCC=CC4,7.37,,
CC1C2CC(CC2C3CCC(O)CC3)C1(C)C,5.27,,
COc1cc(C=O)cc(c1O)[N+]([O-])=O,0.0417,,
CCCCCCCCCCO,0.237,,
CCC(C)C(=O)OC(C)C,5.967,,
CC(C)O,10000,,
C#CC1CC1,22.3,,
CN(C)C=O,5.85,,
CO[Si](OC)(OC)OC,63,,
CCCCCCCCCCCCOC(=O)c1ccccc1,200,,
CO[Si](OC)(c1ccccc1)c2ccccc2,0.42,,
CCCCC,27.93333333,,
CC1CCCC(C)C1N,3.6,,
CCCCCCCC=C,8050,,
CC/C=C/CC/C=C/C=C,133.6329524,,
CC(C)CCCCCO,0.024,,
CC(C)CCCCCCO,21.7,,
CC(C)CCCCCCCO,95.3,,
CC(C)CCCCCCCCCCO,12.2,,
CC(C)CCCCCCCO,95.3,,
CCCCCCCC(C)C,4.974434783,,
CCCCCCCCCCC(C)C,4.951,,
[Ti+4].CC[O-].CC(C)[O-].CC(=O)[CH-]C(C)=O.CC(=O)[CH-]C(C)=O,1224,,
[Zn++].CCCCCCCO[P]([S-])(=S)OCCCCCCC.CCCCCCCO[P]([S-])(=S)OCCCCCCC,5,,
CCOC(=O)[C@H](C)O,5.4,,
CCCCCCCCC(C)C#N,5.3,,
CCN(C(C)C)C(C)C,2.63,,
c1ccccc1,6871.8835,,
CN(C)c1ccc(cc1)C=CC2=[N+](C)c3ccccc3C2(C)C.CC([O-])=O,14.78,,
CC(O)C(N)C(O)=O,5.15,,
CCCCCCCCCC(C)(C)SSC1=NNC(=S)S1,0.62,,
CCl,6.3,,
ClCBr,38.6,,
[Pb],5.05,,
[Ag],5.16,,
[Cu],5.11,,
CC#N,3587,,
CC=O,6662.02,,
CCS,11.23,,
NC=O,21,,
S=C=S,10.35,,
CSC,40250,,
C1CO1,660,,
CC(C)Br,9923,,
CC(C)Cl,6.54,,
CC(C)N,793.3666667,,
ClC(Cl)=C,86.88833333,,
ClC(Cl)=O,0.149166667,,
CN(C)C,1754.3,,
C[Si](Cl)Cl,1785,,
CC1CO1,842.6992,,
CC(C)(C)S,26643,,
C[Si](C)(C)C,21.3,,
C[Si](C)(C)Cl,4257,,
C[Si](C)(Cl)Cl,2092,,
C[Si](Cl)(Cl)Cl,1365,,
CCC(C)(C)C,73860,,
CCC(C)(C)O,3000,,
OCC(F)(F)F,784,,
Cl[Si](Cl)(Cl)C=C,1121,,
CCOCCC(=O)OCC,998,,
FB(F)F,1.21,,
CCN1CCCCC1,2.423333333,,
[Na+].[O-]Cl,10.5,,
C[Si](C)(N[Si](C)(C)C=C)C=C,1516,,
ClC1=C(Cl)C(Cl)(Cl)C(=C1Cl)Cl,1.2895,,
C1C=CC2C3CC(C=C3)C12,212.9076667,,
S,5.43,,
Cl[S](Cl)=O,4.9253,,
C[C](C)C,2102.0855,,
[Cl-].[Cl-].[Pb++],5.05,,
C[Si](Cl)(Cl)CCCCl,1257,,
CC(C)CO,18.18,,
CC(C)C=O,23.6,,
CC(=C)C=O,0.553333333,,
CCC(C)Cl,6.76,,
CC(=O)CCl,1.9,,
[Si],9600,,
CCC(Cl)=O,0.2,,
CCC(O)=O,19.7,,
OC(=O)C=C,5.1,,
COC(Cl)=O,0.061,,
CC(C)C(C)C,73860,,
CC(C)C(Cl)=O,0.823333333,,
ClC(=O)C(Cl)=O,771.65,,
CC(=C)C(O)=O,7.1,,
O=CC1CCOC1,4.48,,
O=C=NCCCCCCN=C=O,0.124,,
[Zn++].CC(C)CC(C)O[P]([S-])(=S)OC(C)C.CC(C)CC(C)O[P]([S-])(=S)OC(C)C,2.3,,
Clc1ccc(cc1)C2=C3C(=O)NC(=C3C(=O)N2)c4ccc(Cl)cc4,2250,,
CO[Si](CCCCCC[Si](OC)(OC)OC)(OC)OC,0.042,,
CC(C)[C@@]12CC[C@@](C)(O1)[C@@H](O)C2,8.535,,
CCCCCCCCC=C,8050,,
CCC(OCCCOC)OC(C)=O,5.7,,
Clc1ccccc1C=O,1.203,,
[Na+].[O-]C(=O)C=C,5.1,,
CCC=C.C\C=C\C,2102.0855,,
CCCCCCCC\C=C/CCCCCCCCOCCO,0.1,,
c1ccc2ccccc2c1,39.05,,
CCO[Si](CCCN)(OCC)OCC,10.5,,
CCOC(C)(C)CC,23.2,,
CCCN(C)C,4.499,,
NCCOCCO,0.0087,,
CCc1[nH]c(C)cn1,0.03,,
CCCCCC/C=C/CC/C=C/CCCC,8050,,
[K+].[K+].[K+].CCC[Si]([O-])([O-])[O-],22.2,,
CCCCCCCCCCCCCCCCCCCCC=C,8050,,
CCCCCCCCCCCCCCCCCCCCCCCCC=C,8050,,
COC(=O)C1CCC(CC1)C(=O)OC,2.91,,
Fc1cccc(n1)C(F)(F)F,2529.5,,
Nc1ccccc1Cl,4.406,,
Cc1ccccc1N,862,,
Oc1ccccc1Cl,4.77,,
Cc1ccc(N)c(C)c1,1.53,,
Cc1ccc(Cl)cc1Cl,2.669,,
CC(=C)C(=O)OCC=C,1.47,,
CCC(C)C=O,50.5,,
ClCC(Cl)CCl,4.8,,
CC\C(C)=N\O,4.83,,
COC(=O)C=C,10.832,,
COC(=O)CCl,210,,
CCOC(=O)C(C)=C,55,,
CC(C)COC(=O)C(C)C,3.88,,
CCB(CC)CC,738,,
OCC1CCCO1,751,,
OCc1occc1,1.336666667,,
CN(C)C1CCCCC1,1.7,,
Cc1cccc(c1)[N+]([O-])=O,0.88,,
CCC(C)(C)OC,5.4,,
CC(C)N(C)C,4.499,,
CCO[Si](OCC)OCC,0.5,,
C[Si](C)(C)N[Si](C)(C)C,1516,,
OC(=O)c1ccc(cc1)C(O)=O,,1.515,
OCc1ccccc1,,4.178,
CC(C)(O)Cc1ccccc1,,3.005,
[Ba++].[O-][N+]([O-])=O.[O-][N+]([O-])=O,,1.1,
Cl[P](Cl)(Cl)=O,,0.303,
Cl[P](Cl)(Cl)(Cl)Cl,,0.205,
[Sr++].[O-][N+]([O-])=O.[O-][N+]([O-])=O,,4.5,
OB(O)O,,2.03,
[O-][Cl]=O,,0.043,
O(P(Oc1ccccc1)Oc2ccccc2)c3ccccc3,,6.7,
CN(C)C(=O)Nc1ccccc1,,5.06,
O=C=Nc1ccc(Cc2ccc(cc2)N=C=O)cc1,,0.4434,
[Na+].[Na+].[Na+].[Na+].[Na+].[Na+].[O-][P]1(=O)O[P]([O-])(=O)O[P]([O-])(=O)O[P]([O-])(=O)O[P]([O-])(=O)O[P]([O-])(=O)O1,,3.69,
[Na+].[Na+].[O-][P]([O-])(F)=O,,2.1,
SCC(=O)OCC(COC(=O)CS)(COC(=O)CS)COC(=O)CS,,3.363,
Clc1ccc(cc1Cl)N=C=O,,0.395,
CCCN(CCC)CCC,,4.5,
CC(=O)OCC(COC(C)=O)OC(C)=O,,1.721,
[Ba++].[O-][Cr]([O-])(=O)=O,,0.092,
[K+].[K+].[O-][S]([O-])(=O)=S,,9.625,
CC(C)(O)CCc1ccccc1,,3.005,
CCCCC(CC)COC(=O)CCCCC(=O)OCC(CC)CCCC,,5.7,
OC(=O)Cc1ccccc1,,5,
CC(O)C(O)=O,,7.94,
[Cl-].[Cl-].[Ba++],,1.1,
CCCCC(CC)CO,,0.89,
CCc1ccc(CC)cc1,,5,
CCN(CC)CCOC(=O)C(C)=C,,1.8,
O=C1CCCCCN1,,8.28,
CCCCOC(=O)\C=C/C(=O)OCCCC,,5,
CN(CCCN)CCCN,,0.07,
CCCCC(CC)CNCC(CC)CCCC,,0.91,
Nc1ccc(N)cc1,,0.92,
OCCCCC(O)CO,,5.07,
[Na+].C[O-].COC(=O)c1c(Cl)c(Cl)c(Cl)c(Cl)c1C#N.Cc2c(N)cccc2N,,1.04,
[Na+].C[O-].COC(=O)c1c(Cl)c(Cl)c(Cl)c(Cl)c1C#N.Nc2ccc(N)cc2,,1.04,
O=CC=O,,2.44,
CC(=O)OOC(C)(C)C,,6.1,
OC(=O)CCS,,1.818,
Nc1cccc(N)c1,,3.2,
CCCCCCC(C)OC(=O)CCCCC(=O)OC(C)CCCCCC,,5.7,
Clc1nc(Cl)nc(Cl)n1,,0.173666667,
Nc1nc(N)nc(N)n1,,5.19,
O=C1NC(=O)NC(=O)N1,,5.25,
OC1CCCCC1,,3.6,
CCCCCl,,7.74,
[Mg++].C[O-].C[O-],,2.1,
OC(=O)\C=C\C(O)=O,,1.306,
N#CCCC#N,,2.67,
OCCCCO,,15,
OCC#CCO,,0.69,
CCCCCCC(O)=O,,4.6,
OC(=O)CCSCCC(O)=O,,5.13,
CN(C)CCCCCCN(C)C,,0.41,
O=CCCCC=O,,0.303333333,
COC(=O)CCCCCCCCC=C,,3.76,
CCCCCCCCN,,1.6,
[NH4+].O.NC([O-])=O,,4.74,
[NH4+].[NH4+].[O-][W]([O-])(=O)=O,,5.35,
[B].[B].[O--].[K+].[K+],,2.03,
O.[Mg].[Al],,5,
O.O.O.O.[Na].OOB=O,,1.165,
CO[Si](CC(C)C)(OC)C(C)C,,4,
CCCCCCC(O)CO,,7.015,
COC(=O)CCCC(=O)OC,,11,
CCCCCCCCCCCCO,,71,
CCCCCCCCCCCCCCCCCCCC,,5.991,
O=Cc1ccccn1,,1.186666667,
CCCCC(CC)CN1C(=O)C2C3CC(C=C3)C2C1=O,,1.953333333,
OCC(CO)(CO)CO,,5.15,
CCCCCCCCCCCCCCCCCC(=O)OCC(COC(=O)CCCCCCCCCCCCCCCCC)(COC(=O)CCCCCCCCCCCCCCCCC)COC(=O)CCCCCCCCCCCCCCCCC,,5.1,
O=C1Nc2ccccc2C(=O)O1,,5.3,
ClC1=C(Cl)C(=O)C(=C(Cl)C1=O)Cl,,2.485,
Oc1c(Br)cc(Br)cc1Br,,50,
Cc1c(cc(cc1[N+]([O-])=O)[N+]([O-])=O)[N+]([O-])=O,,1.01,
COC(=O)c1ccccc1O,,0.9,
COc1ccc(CCN)cc1OC,,5.5,
Oc1ccc(Cl)cc1Cc2ccccc2,,2.51,
CN1CCCC1,,4.5,
[O--].[O--].[O--].[O--].[O--].[O--].[Al+3].[Al+3].[Ca++].[Ca++].[Ca++].[Ca++].[Ca++].[Ca++].[O-][S]([O-])(=O)=O.[O-][S]([O-])(=O)=O.[O-][S]([O-])(=O)=O,,3.26,
[O--].[O--].[O--].[Al+3].[Y+3],,5.14,
[Na+].[O-]B([O-])[O-].[O-]B([O-])[O-].[O-]B([O-])[O-].[O-]B([O-])[O-].[O-]B([O-])[O-],,2.04,
N.N.N.N.N.N.O.O.O.O.O.O.O.O.O.O.O.O.O.O.O.O.O.O.O.O.O.O.O.O.[Mo].[Mo].[Mo].[Mo].[Mo].[Mo].[Mo],,5.1,
[Ni][Ni][Ni]=[S]=S,,1.138,
[Zn++].[O-][Sn]([O-])=O,,4.35,
ClC(=O)c1ccc2C(=O)OC(=O)c2c1,,2.33,
[O--].[O--].[O--].[Ti+4].[Ba++],,4.89,
[O--].[O--].[O--].[O--].[O--].[Al+3].[Al+3].[Zn++].[Zn++],,0.005,
[C-]#[W],,5.3,
Cc1ccc(cc1Cl)[N+]([O-])=O,,0.528,
OC(=O)c1cccc(c1)C(O)=O,,11.37,
[NH4+].[Br-],,0.1,
[SiH2]=[Mo]=[SiH2],,1.93,
S=[W]=S,,5.25,
FC(C(F)(F)F)C(F)(F)Oc1c(Cl)cc(NC(=O)NC(=O)c2c(F)cccc2F)c(F)c1Cl,,5.24,
[O--].[O--].[O--].[O--].[O--].[O--].[O--].[Mg++].[Mg++].[Nb+5].[Nb+5],,5.45,
CO[P](=S)(OC)Oc1ccc(c(C)c1)[N+]([O-])=O,,2.21,
[OH-].[OH-].[OH-].[OH-].[OH-].[OH-].[K+].[Sb+3],,5.4,
CCN(CCO)c1ccc(cc1)N=Nc2sc3cc(OC)ccc3[n+]2C.CO[S]([O-])(=O)=O,,1.041,
[O--].[O--].[O--].[Al+3].[Bi+3],,5.07,
[Cl-].CCCCCCCCCCCCCCCC[n+]1ccccc1,,0.054,
CCCCC(CC)C=O,,6.83,
Nc1ccc(O)cc1,,3.42,
CNC=O,,4.1,
NC(=O)N=NC(N)=O,,0.52,
CCCCOC(C)=O,,0.74,
[OH-].[Cr+3].[O-][S]([O-])(=O)=O,,4.58,
[NH4+].[NH4+].[NH4+].[NH4+].[O-][Mo]([O-])(=O)=O.[O-][Mo]([O-])(=O)=O,,5.1,
Fc1ccc(Oc2ccnc3cc(Cl)cc(Cl)c23)cc1,,3.38,
OCC(CO)(CO)COCC(CO)(CO)CO,,5.07,
CC(C)CO[P](=O)(OCC(C)C)OCC(C)C,,5.14,
CCCCO[P](=O)(OCCCC)OCCCC,,4.242,
S.[Mo],,5.1,
CN(C)C(C)=O,,8.8,
[Na+].Cc1ccc(cc1)[S](=O)(=O)[N-]Cl,,0.275,
[Na+].[O-][N+](=O)c1cccc(c1)[S]([O-])(=O)=O,,5.1,
O=C1OC(=O)c2ccc3c4ccc5C(=O)OC(=O)c6ccc(c7ccc1c2c37)c4c56,,5.2,
CC(C)C1=NN(C(=O)NC(C)(C)C)C(=O)N1N,,2.242,
O=C1C=CC(=O)c2ccccc12,,0.046,
[Mg++].[O-][Al]=O.[O-][Al]=O,,3.5,
[OH-].[OH-].[Ca++],,6.04,
O=[Ca],,6.04,
O=[Ce]=O,,5.05,
O=[Cr]O[Cr]=O,,5.41,
[OH-].[OH-].[Mg++],,2.1,
[O--].[O--].[O--].[Sb+3].[Sb+3],,5.2,
[Mg++].O[P]([O-])([O-])=O,,2.6,
O=[Ge]=O,,2.26,
[Li+].[OH-],,4.775,
O=[Mo](=O)=O,,5.1,
O=[Nb](=O)O[Nb](=O)=O,,5.45,
O=[Ni],,5.08,
O=[W](=O)=O,,5.36,
[O--].[O--].[O--].[Yb+3].[Yb+3],,1.31,
O=[Sb](=O)O[Sb](=O)=O,,5.4,
O=[V](=O)O[V](=O)=O,,7.69,
S=[SnH2],,5.03,
O[S](=O)(=O)c1ccccc1N=C2C=CC(C=C2)=C(c3ccc(Nc4ccccc4)cc3)c5ccc(Nc6ccccc6)cc5,,2,
CC(C)C1CC=C(C)C=C1,,4.95,
ClC(Cl)(Cl)SN1C(=O)C2CC=CCC2C1=O,,0.783333333,
CCCCNCC,,11.25,
CCC(C)(OO)OOC(C)(CC)OO,,1.5,
[H+].[Cl-].CNC(C)C(O)c1ccccc1,,2.2,
[Na+].[Na+].[O-][Se]([O-])(=O)=O,,1,
O=[Mn],,5.35,
[Ca++].[O-][Si]([O-])=O,,21.929,
S.[Sb],,5.04,
[S--].[S--].[S--].[Bi+3].[Bi+3],,5.2,
[Na+].[Na+].[O-][W]([O-])(=O)=O,,5.01,
[Te],,2.42,
CCOC(=O)C1CCC(C)CC1=O,,5,
CCOC(=O)CC(NC1CCC(CC2CCC(NC(CC(=O)OCC)C(=O)OCC)C(C)C2)CC1C)C(=O)OCC,,4.224,
ClCC(CCl)O[P](=O)(OC(CCl)CCl)OC(CCl)CCl,,5.22,
[Na+].CCCCCCCCCCCC(=O)N(C)CC([O-])=O,,0.05,
[Zn++].CN(C)C([S-])=S.CN(C)C([S-])=S,,0.13,
[Na+].CNC([S-])=S,,6.8,
[Ba++].[O-][B][O-],,12.62,
[Na+].[O-][V](=O)=O,,4.263333333,
[Ba++].[O-][Se]([O-])=O,,1,
[K+].[O-][V](=O)=O,,2.966666667,
[O--].[O--].[O--].[O--].[O--].[O--].[O--].[O--].[O--].[Fe+3].[Fe+3].[Mo].[Mo],,5.1,
[F-].[F-].[F-].[F-].[F-].[F-].[Na+].[Na+].[Na+].[Al+3],,4.47,
C=CN1CCN(C=C)C1=O,,5.3,
[Li+].[Li+].[Li+].[F-].[F-].[F-].[F-].[F-].[F-].[Al+3],,0.5,
[Na+].[Na+].[O-][Si](=O)O[Si]([O-])=O,,3.51,
[Ni++].CCCCN(CCCC)C([S-])=S.CCCCN(CCCC)C([S-])=S,,0.416,
[Zn++].CC(=O)[CH-]C(C)=O.CC(=O)[CH-]C(C)=O,,5.47,
[O--].[O--].[O--].[O--].[V].[Bi+3],,5.15,
[Co++].[O-][S](=O)(=O)c1ccc2c3[n-]c(nc4nc(nc5nc([n-]c6nc(n3)c7cc(ccc67)[S]([O-])(=O)=O)c8cc(ccc58)[S]([O-])(=O)=O)c9cc(ccc49)[S]([O-])(=O)=O)c2c1.[H+].[H+].[H+].[H+],,14.2,
N.O[P](O)(=O)CN(CCN(C[P](O)(O)=O)C[P](O)(O)=O)C[P](O)(O)=O,,4.6,
CO\N=C(C(=O)OC)/c1ccccc1COc2ccccc2C,,5.6,
CCCCCCCCCC(=O)N(C)C,,3.5507,
[Fe+3].CN(C)C([S-])=S.CN(C)C([S-])=S.CN(C)C([S-])=S,,0.281,
[Na+].[Na+].[Na+].[Na+].[O-][P]([O-])(=O)O[P]([O-])([O-])=O,,0.58,
NCc1cccc(CN)c1,,1.293333333,
CC(C)C1CCC(C)CC1O,,5.289,
Nc1cc(Cl)nc(C(O)=O)c1Cl,,5.5,
[O--].[O--].[O--].[O--].[O--].[O--].[O--].[O--].[O--].[Al+3].[Al+3].[Mo].[Mo],,5.05,
[Br-].CC[P+](c1ccccc1)(c2ccccc2)c3ccccc3,,5,
CC(=C)O[Si](OC(C)=C)(OC(C)=C)C=C,,4.31,
CN1COCN(Cc2sc(Cl)nc2)/C1=N/[N+]([O-])=O,,3.72,
CC(CN)CCCN,,4.9,
[Ca++].NC#N,,0.155,
Cc1cc(Cl)ccc1O,,0.9,
[Na+].[Fe+3].[O-]C(=O)CN(CCN(CC([O-])=O)CC([O-])=O)CC([O-])=O,,2.75,
CC(C)(C)CC(C)(C)c1ccc(Nc2ccc(cc2)C(C)(C)CC(C)(C)C)cc1,,5.8,
[Na+].Cc1cc([O-])ccc1Cl,,2.910333333,
[Na+].CC(C)c1ccc(cc1)[S]([O-])(=O)=O,,6.41,
CC(C)[Si](OC(=O)C=C)(C(C)C)C(C)C,,5.99,
CCN(C1CCCCC1)C(=O)N2N=NN(C2=O)c3ccccc3Cl,,5.085,
[Na+].[Na+].[Na+].[Na+].OCCN(CCO)c1nc(Nc2ccc(cc2)[S]([O-])(=O)=O)nc(Nc3ccc(\C=C\c4ccc(Nc5nc(Nc6ccc(cc6)[S]([O-])(=O)=O)nc(n5)N(CCO)CCO)c(c4)[S]([O-])(=O)=O)cc3[S]([O-])(=O)=O)n1,,1.8575,
CN=C(NCC1CCOC1)N[N+]([O-])=O,,4.09,
Nc1ccc(Nc2ccc(cc2)[S](N)(=O)=O)cc1,,5.2,
CCCCCCCCCCCCCOC(=O)CCCCC(=O)OCCCCCCCCCCCCC,,3.2,
CCCCNc1ccc(NCCCC)c2C(=O)c3ccccc3C(=O)c12,,4,
Cn1ccnc1C,,7.5,
CCCCCCCCCCC(C)CCCCCCCC,,4.8,
NC(=N)[S](O)=O,,0.164,
[H+].[Cl-].CO[Si](CCCNCCN)(OC)OC,,1.49,
CO[SiH](CC1CCCCC1)OC,,5.53,
CCO[Si](CC(C)C)(OCC)OCC,,5.88,
[Na+].[Na+].O[S](=O)(=O)c1cc2[n-]c(nc2c(c1)[S](O)(=O)=O)c3ccc(cc3)c4[n-]c5c(cc(cc5[S](O)(=O)=O)[S](O)(=O)=O)n4,,1.87,
CCCCC(CC)COC(=O)[C@H](C)O,,5.6,
CCC[P](=O)(OC)OC,,5.788,
CC(C)=CCC\C(C)=C\CCC(=C)C=C,,2.06,
S.[Mn],,5.34,
O=[Mo]=O,,5.1,
CN1CCSC1=S,,0.6,
[Cl-].[Cl-].C[n+]1ccc(cc1)c2cc[n+](C)cc2,,0.0007,
BrCC(CBr)(CBr)CO[P](=O)(OCC(CBr)(CBr)CBr)OCC(CBr)(CBr)CBr,,1.81,
CC(C)OCCOC(C)=O,,12.3,
[Ca++].CC(=O)[CH-]C(C)=O.CC(=O)[CH-]C(C)=O,,5.47,
[Na+].COc1cc(OC)nc(NC(=O)N=[S]([O-])(=O)c2ncccc2OCC(F)(F)F)n1,,5.03,
CC(C)(O)c1cccc(c1)C(C)(C)O,,5.12,
CNC.OC(=O)COc1ccc(Cl)cc1Cl,,5,
NC1=C(F)C=NC(=O)N1,,5.17,
CCO[Si](C)(OCC)OCC,,13.5,
FC(F)(F)C(F)(F)C(F)(F)C(F)(F)C(F)(F)C(F)(F)CCI,,10.6,
CCCCCCCCCCCCCCCCCCOC(=O)CCc1cc(c(O)c(c1)C(C)(C)C)C(C)(C)C,,1.81,
CC(C)=NC(=O)c1cccc(c1)C(C)=C,,0.75,
[Te+4].CCN(CC)C([S-])=S.CCN(CC)C([S-])=S.CCN(CC)C([S-])=S.CCN(CC)C([S-])=S,,0.51,
CC(C)c1cc(C(C)C)c(N=C=O)c(C(C)C)c1N=C=O,,0.11,
CC(CO)CO,,5.1,
CC(=O)C(N=Nc1cc(Cl)c(cc1Cl)c2cc(Cl)c(cc2Cl)N=NC(C(C)=O)C(=O)Nc3ccc(C)cc3C)C(=O)Nc4ccc(C)cc4C,,4.25,
[Zn++].CC(C)CC(C)O[P]([S-])(=S)OC(C)CC(C)C.CC(C)CC(C)O[P]([S-])(=S)OC(C)CC(C)C,,2,
Nc1cccc2c(N)cccc12,,5.27,
CC(C)(C)c1ccc(OC2CCCCC2O[S](=O)OCC#C)cc1,,0.89,
CCC(CO)(CO)COCC(CC)(CO)CO,,5.15,
CCOc1ccccc1NC(=O)C(=O)Nc2ccccc2CC,,5,
CC(C)c1ccc2cc(ccc2c1)C(C)C,,5.64,
O=C=Nc1ccc(cc1)C(c2ccc(cc2)N=C=O)c3ccc(cc3)N=C=O,,0.437,
Cc1ccc(O)c(c1)n2nc3ccccc3n2,,0.59,
O=C1N(CC2CO2)C(=O)N(CC3CO3)C(=O)N1CC4CO4,,3.09,
CCCCCC1C(CCC1=O)CC(=O)OC,,4.93,
CCOC(=O)C(C)C1CCCCC1,,5.4,
CO[Si](CCCOCC1CO1)(OC)OC,,5.3,
CO[Si](CCCOC(=O)C(C)=C)(OC)OC,,2.28,
Cc1ccc(cc1[N+]([O-])=O)[N+]([O-])=O,,0.4225,
O=C=Nc1ccccc1Cc2ccccc2N=C=O,,0.606475,
CC(C)CCCCCCCOP(OCCCCCCCC(C)C)OCCCCCCCC(C)C,,12.6,
[Na+].Cc1cc(Nc2cc(c(N)c3C(=O)c4ccccc4C(=O)c23)[S]([O-])(=O)=O)cc(c1C)[S](=O)(=O)NCCO,,0.29,
COC(=O)C(C)(C)N=NC(C)(C)C(=O)OC,,2.034,
CCC(C)(C)c1cc(n2nc3ccccc3n2)c(O)c(c1)C(C)(C)CC,,0.4,
[Na+].[Na+].[Na+].[Na+].[Na+].[Na+].[O-][S](=O)(=O)c1ccc(cc1)N=Nc2ccc(N\N=C\3C(=O)c4ccc(NC(=O)Nc5ccc6C(=O)C(=N/Nc7ccc(cc7[S]([O-])(=O)=O)N=Nc8ccc(cc8)[S]([O-])(=O)=O)\C(=Cc6c5)[S]([O-])(=O)=O)cc4C=C3[S]([O-])(=O)=O)c(c2)[S]([O-])(=O)=O,,5,
c1ccc(cc1)c2ccc(cc2)c3ccccc3,,3.8,
CC(=O)OC\C=C(/C)C=O,,8.966666667,
Cc1ccc(cc1N=C=O)N2C(=O)N(c3ccc(C)c(c3)N=C=O)C2=O,,1.12,
[H+].[Cl-].CN1SC=CC1=O,,0.113333333,
CCCCCCCCOC1=CC=CC(C1=O)=C2N=C(NC(=N2)c3ccc(C)cc3C)c4ccc(C)cc4C,,0.377,
[Na+].[Na+].NC(=O)CCN(CCO)c1nc(Nc2ccccc2)nc(Nc3ccc(\C=C\c4ccc(Nc5nc(Nc6ccccc6)nc(n5)N(CCO)CCC(N)=O)cc4[S]([O-])(=O)=O)c(c3)[S]([O-])(=O)=O)n1,,1.8575,
[Na+].[Na+].[O-][S](=O)(=O)c1ccccc1\C=C/c2ccc(cc2)c3ccc(cc3)\C=C/c4ccccc4[S]([O-])(=O)=O,,3.966666667,
Cc1ccccc1Cc2ccccc2,,1,
[H+].[H+].[Cl-].[Cl-].CC(CN=NCC(C)C1=NCCN1)C2=NCCN2,,5.1,
CC(C)(N=C=O)c1cccc(c1)C(C)(C)N=C=O,,0.06,
CCO[P](=O)(CN(CCO)CCO)OCC,,0.522,
CCOc1ccccc1NC(=O)C2=Cc3ccccc3C(=N/Nc4ccc(cc4)C(N)=O)\C2=O,,1.58,
Cc1ccc(cc1Cl)N=C=O,,0.0905,
Cc1ccc(cc1)[S](O)(=O)=O.CC2(C)CC(N)CC(C)(CN)C2,,3.696666667,
[Na+].ClN1C(=O)[N-]C(=O)N(Cl)C1=O,,0.27,
CCC(C)(C)OOC(=O)C(C)(C)C,,9.5,
C1CO[Sb]2OCCO[Sb](O1)OCCO2,,5.2,
[K+].OC([O-])=O,,4.88,
[Ca++].[O-]C(=O)CS,,2729,
CN[C@@H](C)[C@H](O)c1ccccc1,,5.4,
CCCCC(CC)C(=O)OOC(C)(C)C,,42.2,
O=C1C=CC(=O)N1c2cccc(c2)N3C(=O)C=CC3=O,,0.093333333,
Clc1c(Cl)c(Cl)c2C(=O)C(c3ccc4cccc(N5C(=O)c6c(Cl)c(Cl)c(Cl)c(Cl)c6C5=O)c4n3)C(=O)c2c1Cl,,1.04,
O=C1N(c2ccc(cc2)N=Nc3ccccc3)C(=O)c4ccc5c6ccc7C(=O)N(c8ccc(cc8)N=Nc9ccccc9)C(=O)c%10ccc(c%11ccc1c4c5%11)c6c7%10,,5.2,
CC(C)CN(CC(C)C)C(=S)SSC(=S)N(CC(C)C)CC(C)C,,5,
[Cl-].CCNc1cc2[o+]c3cc(NCC)c(C)cc3c(c2cc1C)c4ccccc4C(=O)OC,,0.05,
CO[Si](CCCNC1CCCCC1)(OC)OC,,1.966666667,
CO[Si](C)(CCCNCCN)OC,,5.2,
CCCCCCCC[Si](OC)(OC)OC,,4.433333333,
O=C=Nc1cccc2c(cccc12)N=C=O,,0.27,
COc1ccc(NC(=O)C(N=Nc2ccc(cc2Cl)c3ccc(N=NC(C(C)=O)C(=O)Nc4ccc(OC)cc4)c(Cl)c3)C(C)=O)cc1,,4.25,
CCOc1ccc(NC(=O)C(N=Nc2ccc(cc2Cl)c3ccc(N=NC(C(C)=O)C(=O)Nc4ccc(OCC)cc4)c(Cl)c3)C(C)=O)cc1,,4.25,
CC(C)c1ccc(O)cc1C,,1.41,
CC(C)(C)C(Cl)=O,,2.69,
CN(C)C(=O)Nc1ccc(Cl)c(Cl)c1,,5.05,
CCC(COC(=O)CCS)(COC(=O)CCS)COC(=O)CCS,,3.363,
NCCCNC1CCCCC1,,7.5,
CCCCC(CC)COC(=O)c1ccc(C(=O)OCC(CC)CCCC)c(c1)C(=O)OCC(CC)CCCC,,2.6,
[OH-].[OH-].[OH-].[OH-].[OH-].[OH-].[Na+].[Sb],,5.4,
CO[Si](CC(C)CC(C)(C)C)(OC)OC,,11.2,
CCCCOC(=O)C(C)O,,5.14,
[Cl-].CN[C@@H](C)[C@@H](O)c1ccccc1.[H+],,2,
Fc1ccc(cc1)C(=O)c2ccc(F)cc2,,5.05,
CC(C)(C)c1cc(CCC(=O)OCCCCCCOC(=O)CCc2cc(c(O)c(c2)C(C)(C)C)C(C)(C)C)cc(c1O)C(C)(C)C,,1.7,
CC(O)C(=O)N(C)C,,5.004,
CO[Si](CCCNCCNCCN)(OC)OC,,1.49,
CCO[Si](CC(C)CC(C)(C)C)(OCC)OCC,,11.2,
Nc1nc(N)nc(Nc2nc(N)nc(N)n2)n1,,1,
CCCCN[S](=O)(=O)c1ccccc1,,4.066,
CC(C)[C@H]1CC[C@@H](C)CC1O,,5.289,
O=C=NCc1cccc(CN=C=O)c1,,0.181,
OC(=O)CC#N,,1.966666667,
CC[N+](CC)(CC(=O)Nc1c(C)cccc1C)Cc2ccccc2.[O-]C(=O)c3ccccc3,,0.2,
CC(=C)c1cccc(c1)C(C)=C,,0.54,
Nc1nc(N)nc(N)n1.O=C2NC(=O)NC(=O)N2,,5.1,
OC(=O)CCC(CC(O)=O)(C(O)=O)[P](O)(O)=O,,1.979,
ClCCO[P](=O)(OCCCl)OCC(CCl)(CCl)CO[P](=O)(OCCCl)OCCCl,,1.65,
[K+].[O-][Cl](=O)=O,,5.59,
O=C=NCC1CCCC(CN=C=O)C1,,0.14705,
CC(c1ccccc1)c2ccccc2,,1,
CCC(C)CCCC(C)CCCC(C)C,,2.19,
Cc1cc(n2nc3ccc(Cl)cc3n2)c(O)c(c1)C(C)(C)C,,0.27,
CCCC(C)C(=O)OCC,,5.967,
[OH-].[Al].[Cl].[O-][S]([O-])(=O)=O,,5,
OC1CSC(O)CS1,,0.479666667,
CC1(C)CC(CC(C)(CN=C=O)C1)N=C=O,,0.04,
[Na+].[Na+].[Na+].[Na+].[Na+].[Na+].CCN(CC)c1nc(Nc2ccc(\C=C\c3ccc(Nc4nc(Nc5cc(ccc5[S]([O-])(=O)=O)[S]([O-])(=O)=O)nc(n4)N(CC)CC)cc3[S]([O-])(=O)=O)c(c2)[S]([O-])(=O)=O)nc(Nc6cc(ccc6[S]([O-])(=O)=O)[S]([O-])(=O)=O)n1,,1.8575,
CCCS[P](=O)(OCC)Oc1ccc(Br)cc1Cl,,2.2,
O=C=Nc1ccc(O[P](=S)(Oc2ccc(cc2)N=C=O)Oc3ccc(cc3)N=C=O)cc1,,6.159,
COc1ccc(\C=C\C)cc1,,5.1,
[Na+].[Na+].OCCN(CCO)c1nc(Nc2ccccc2)nc(Nc3ccc(\C=C\c4ccc(Nc5nc(Nc6ccccc6)nc(n5)N(CCO)CCO)cc4[S]([O-])(=O)=O)c(c3)[S]([O-])(=O)=O)n1,,1.8575,
NC#N,,1,
CC(C)(C)C1CCC(CC1)OC(Cl)=O,,0.72,
CC(C)(C)c1ccc(OC(=O)c2cc(c(O)c(c2)C(C)(C)C)C(C)(C)C)c(c1)C(C)(C)C,,0.5,
CC(CC(C)(C)C)CC(C)(C)CC(C)(C)C,,5.991,
O=CN1CCOCC1,,5.319,
OCCN(CCO)c1nc(Nc2ccccc2)nc(Nc3ccc(\C=C\c4ccc(Nc5nc(Nc6ccccc6)nc(n5)N(CCO)CCO)cc4[S](O)(=O)=O)c(c3)[S](O)(=O)=O)n1,,1.8575,
CC1OC(=O)C(C)OC1=O,,7.94,
COc1ccccc1NC(=O)C(N=Nc2ccc(cc2Cl)c3ccc(N=NC(C(C)=O)C(=O)Nc4ccccc4OC)c(Cl)c3)C(C)=O,,0.23,
CC(c1ccc(OC#N)cc1)c2ccc(OC#N)cc2,,2.6,
[Ca++].[O-]C([O-])=O,,3,
O=[P+](Oc1ccccc1)Oc2ccccc2,,6.7,
OCCN1CN(CCO)CN(CCO)C1,,0.369666667,
Nc1cccc2cccc(N)c12,,0.877,
C\1C\C=C/CC\C=C/CC/C=C1,,8.2,
O=C1N=CNc2ccccc12,,5.18,
Cc1cc(C)cc(c1)N2C(=O)c3ccc4c5ccc6C(=O)N(c7cc(C)cc(C)c7)C(=O)c8ccc(c9ccc(C2=O)c3c49)c5c68,,5.2,
[OH-].[OH-].[Zn++].[Zn++].[Zn++].[O-][Cr]([O-])(=O)=O.[O-][Cr]([O-])(=O)=O,,0.27,
[Na+].[Na+].[O-]C([O-])=O,,2.3,
C1CC2CC1C=C2,,26.59,
[H+].[Cl-].NC(N)=N,,5.385,
CC(O)C(O)=O,,7.94,
[Cl-].CN[C@@H](C)[C@H](O)c1ccccc1.[H+],,5.2,
NC(N)=N.O[N+]([O-])=O,,9.063,
CCO[Si](CCCNCCN)(OCC)OCC,,1.14,
CCCCOCCOCCOCc1cc2OCOc2cc1CCC,,5.2,
NCCc1ccc(O)cc1,,5,
O=C=NC1CCC(CC1)CC2CCC(CC2)N=C=O,,0.440333333,
CC(CCC=C(C)C)CC#N,,4.9,
[Ba++].Cc1cc(N\N=C\2C(=O)C=Cc3ccccc23)c(cc1Cl)[S]([O-])(=O)=O.Cc4cc(N\N=C\5C(=O)C=Cc6ccccc56)c(cc4Cl)[S]([O-])(=O)=O,,5.24,
CC(C)(C)CC(C)(C)N(c1ccccc1)c2cccc3ccccc23,,0.4,
COC(N)=N,,2.133,
CC(=O)C(N=Nc1cc(ccc1Cl)C(=O)Nc2cc(Cl)ccc2C)C(=O)Nc3cc(C)c(NC(=O)C(N=Nc4cc(ccc4Cl)C(=O)Nc5cc(Cl)ccc5C)C(C)=O)cc3C,,1.7,
[Ca++].Cc1ccc(N\N=C\2C(=O)C(=Cc3ccccc23)C([O-])=O)c(c1)[S]([O-])(=O)=O,,4.76,
CC1(C)CNCC(C)(C)C1OC(=O)CCCCCCCCC(=O)OC2C(C)(C)CNCC2(C)C,,0.5,
COCCC(=O)N(C)C,,5,
CCCCCC(CCC)COC(=O)c1ccccc1C(=O)OCC(CCC)CCCCC,,12.75,
[Na+].[O-][S](=O)(=O)c1cc(Cl)c(Cl)cc1Cl,,5.15,
CCCC(O)CO,,7.015,
CCCCCCCC(=O)OCC(COC(=O)CCCCCCC)OC(=O)CCCCCCC,,1.86,
CCCCC(CC)CN[S](=O)(=O)c1ccc(N)cc1,,1.16,
CC1(C)CC(CC(C)(CN=C=O)C1)N=C=O,,4.2125,
CC(C)N(C(=O)CO)c1ccc(F)cc1,,6.8,
COc1ccc(cc1)N(C)N=CC2=[N+](C)c3ccccc3C2(C)C.CO[S]([O-])(=O)=O,,0.076,
C[Si]1(C)O[Si](C)(C)O[Si](C)(C)O[Si](C)(C)O[Si](C)(C)O1,,8.67,
O=C1CCCCCN1C(=O)Nc2ccc(Cc3ccc(NC(=O)N4CCCCCC4=O)cc3)cc2,,5,
Cc1nc(N)nc(N)n1,,2.031,
[Ba++].CC([O-])=O.CC([O-])=O,,1.1,
[Sr++].CC([O-])=O.CC([O-])=O,,4.5,
CCCCCCCCCCCCCCCC,,5.266,
CCCCOCCOC(=O)c1ccccc1,,5.39,
CC(=O)C(N=Nc1ccc(cc1Cl)c2ccc(N=NC(C(C)=O)C(=O)Nc3ccccc3C)c(Cl)c2)C(=O)Nc4ccccc4C,,4.25,
OC(=O)c1ccc2C(=O)OC(=O)c2c1,,2.33,
CN1C(=O)c2ccc3c4ccc5C(=O)N(C)C(=O)c6ccc(c7ccc(C1=O)c2c37)c4c56,,0.41,
[Li+].[Li+].[O-]C([O-])=O,,2,
CCCCNC(=O)OCC#CI,,6.89,
OC[P+](CO)(CO)CO.OC[P+](CO)(CO)CO.[O-][S]([O-])(=O)=O,,0.517,
C[Si]1(C)O[Si](C)(C)O[Si](C)(C)O[Si](C)(C)O1,,36,
COc1cc(NC(=O)C(N=Nc2ccc(cc2Cl)c3ccc(N=NC(C(C)=O)C(=O)Nc4cc(OC)c(Cl)cc4OC)c(Cl)c3)C(C)=O)c(OC)cc1Cl,,0.23,
CC(=O)C(N=Nc1cc(ccc1Cl)C(=O)Nc2cccc(Cl)c2C)C(=O)Nc3cc(Cl)c(NC(=O)C(N=Nc4cc(ccc4Cl)C(=O)Nc5cccc(Cl)c5C)C(C)=O)cc3C,,1.7,
CN1SC=CC1=O.CN2SC(=CC2=O)Cl,,1.345,
NCCCNCCCN,,0.033333333,
[Cl-].C[N+](C)(C)Cc1ccccc1,,1.14,
CCO[Si](CCCSSCCC[Si](OCC)(OCC)OCC)(OCC)OCC,,7.967,
Cn1cnc2N(C)C(=O)N(C)C(=O)c12,,4.94,
CN1C(=O)N(C)c2nc[nH]c2C1=O,,6.7,
CC(=C)C(=O)OC(C)(C)C,,10.17,
O[S](O)(=O)=O.Clc1ccc(C(Cn2ccnc2)OCC=C)c(Cl)c1,,0.66,
[La+3].[La+3].[O-]C([O-])=O.[O-]C([O-])=O.[O-]C([O-])=O,,5.2185,
O=C=Nc1ccc(Cc2ccccc2N=C=O)cc1,,0.516515,
Cc1cc(O)ccc1Cl,,2.910333333,
CCCCCCCCCCCCCCCCCC,,5.991,
NC(N)=N.SC#N,,9.063,
[O--].[O--].[O--].[O--].[O--].[O--].[O--].[O--].[O--].[O--].[O--].[O--].[O--].[O--].[O--].[O--].[O--].[K+].[K+].[Ti+4].[Ti+4].[Ti+4].[Ti+4].[Ti+4].[Ti+4].[Ti+4].[Ti+4],,2.01,
CNC(N)=O,,5.7,
[Mn++].[O-]C([O-])=O,,5.35,
Nc1ccc(cc1)N=Nc2ccccc2,,2.8,
Nc1cccc(Cl)c1Cl,,8.047,
Nc1[nH]ncn1,,0.439,
ClCc1ccccc1Cl,,2.8,
C1CC=CC(C1)c2ccc(cc2)C3CCC=CC3,,4.7,
Oc1ccc(C=C)cc1C=C,,4.92,
[O-][N+](=O)c1cc(Cl)cc(Cl)c1,,0.3,
[Ca++].CC([O-])=O.CC([O-])=O,,5.6,
NC(N)=S,,0.195,
CCCCCCCCCCC=C.CCCCCCCCCCC=C,,4.8,
CC(O)C[N+](C)(C)C.[O-]C=O,,7.5,
CCON,,171.435,
[Na+].[Na+].[O-][S](=O)(=O)c1ccc2c(C=CC(=O)/C2=N/Nc3ccc(N=Nc4ccc(Nc5ccccc5)c(c4)[S]([O-])(=O)=O)c6ccccc36)c1,,5.2,
O=COCCOC=O,,5.05,
CCCCCCCCCCCCCCC,,5.991,
CCCCCCCCCCCCCCCCC,,5.991,
CSCCC(N)C(O)=O,,5.25,
CC(=O)C(N=Nc1ccc(cc1Cl)c2ccc(N=NC(C(C)=O)C(=O)Nc3ccccc3)c(Cl)c2)C(=O)Nc4ccccc4,,4.25,
CCCCC(Cc1cc(c(O)c(c1)C(C)(C)C)C(C)(C)C)(C(=O)OC2CC(C)(C)N(C)C(C)(C)C2)C(=O)OC3CC(C)(C)N(C)C(C)(C)C3,,0.46,
Cc1ccc(cc1N2C(=O)C=CC2=O)N3C(=O)C=CC3=O,,0.078666667,
[Na+].[Na+].Nc1ccc(N=Nc2ccc(N\N=C\3C(=O)c4c(N)c(N=Nc5ccc(cc5)N=Nc6ccc(N)cc6N)c(cc4C=C3[S]([O-])(=O)=O)[S]([O-])(=O)=O)cc2)c(N)c1,,5,
CC1(C)CC2(CC(C)(C)N1)OC3(CCCCCCCCCCC3)NC2=O,,1.67,
CN1CCCC1c2cccnc2.O[C@H]([C@@H](O)C(O)=O)C(O)=O.O[C@H]([C@@H](O)C(O)=O)C(O)=O,,4.42,
COc1cc(ccc1N=NC(C(C)=O)C(=O)Nc2ccccc2)c3ccc(N=NC(C(C)=O)C(=O)Nc4ccccc4)c(OC)c3,,4.25,
[Ca++].CC1=NN(c2cccc(c2)[S]([O-])(=O)=O)C(=O)C1N=Nc3cc(Cl)c(Cl)cc3[S]([O-])(=O)=O,,5.5,
[OH-].[OH-].[OH-].[OH-].[OH-].[O--].[O--].[O--].[O--].[O--].[V].[V].[V].[V].[V].[V].[O-][P]([O-])([O-])=O.[O-][P]([O-])([O-])=O.[O-][P]([O-])([O-])=O.[O-][P]([O-])([O-])=O.[O-][P]([O-])([O-])=O,,7.69,
[Na+].Cc1ccc(cc1)[S]([O-])(=O)=O,,6.41,
Clc1ccc(CNC2CCCC2)cc1,,1.7365,
[Na+].[Na+].[Na+].[Na+].OC(=O)CC(CCC([O-])=O)(C([O-])=O)[P]([O-])([O-])=O,,1.979,
CC(C)(C)c1cc(CCC(=O)OCC(COC(=O)CCc2cc(c(O)c(c2)C(C)(C)C)C(C)(C)C)(COC(=O)CCc3cc(c(O)c(c3)C(C)(C)C)C(C)(C)C)COC(=O)CCc4cc(c(O)c(c4)C(C)(C)C)C(C)(C)C)cc(c1O)C(C)(C)C,,1.951,
O=C1N(CCc2ccccc2)C(=O)c3ccc4c5ccc6C(=O)N(CCc7ccccc7)C(=O)c8ccc(c9ccc1c3c49)c5c68,,5.2,
C=C1CC(=O)O1,,0.922666667,
CC(C)CCOCC(=O)OCC=C,,0.463333333,
[Na+].OCCN(CCO)c1ccc(cc1)N=Nc2ccc(N=Nc3cccc(c3)[S]([O-])(=O)=O)c4ccccc24,,0.63,
CCCCCCCOCC(COCCCCCCC)(COCCCCCCC)COCCCCCCC,,4.06,
[Na+].[Na+].[Na+].[Na+].CC(O)CN(CC(C)O)c1nc(Nc2ccc(cc2)[S]([O-])(=O)=O)nc(Nc3ccc(/C=C/c4ccc(Nc5nc(Nc6ccc(cc6)[S]([O-])(=O)=O)nc(n5)N(CC(C)O)CC(C)O)cc4[S]([O-])(=O)=O)c(c3)[S]([O-])(=O)=O)n1,,1.8575,
[Ba++].CCc1cc(N\N=C/2C(=O)C=Cc3ccccc23)c(cc1Cl)[S]([O-])(=O)=O.CCc4cc(N\N=C/5C(=O)C=Cc6ccccc56)c(cc4Cl)[S]([O-])(=O)=O,,5.24,
OC(=O)CS,,1.487666667,
CCCCCCCCC=C,,4.8,
CC1(C)[C@@H](\C=C(/Cl)C(F)(F)F)[C@H]1C(O)=O,,1.1,
[Cl-].CN(N=CC1=[N+](C)c2ccccc2C1(C)C)c3ccc(C)cc3,,0.382,
Cc1ccc(cc1N\N=C2\C(=O)C(=Cc3ccccc23)C(=O)Nc4cc(C)c(NC(=O)C5=Cc6ccccc6C(=N/Nc7c(C)cccc7C(=O)OCCCl)/C5=O)cc4C)C(=O)OCCCl,,1.7,
[Cl-].CCCCCCCCCCCCCC[N+](C)(C)CCCCCCCCCCCCCC,,0.25,
[Cl-].CCCCCCCCCCCCCC[N+](C)(C)Cc1ccccc1,,0.25,
OCC#CCO.ClCC1CO1,,5.47,
CCCCCCCCCC(O)=O.CCCCCCCC(O)=O.OCC(CO)(CO)CO,,4.06,
CCCCC(CC)C(=O)OCC(COCC(COC(=O)CCCCCC(C)C)(COC(=O)C(CC)CCCC)COC(=O)C(CC)CCCC)(COC(=O)CCCCCC(C)C)COC(=O)CCCCCC(C)C,,5.1,
COC(=O)c1ccc(C(=O)OC)c(c1)N=NC(C(C)=O)C(=O)Nc2ccc(NC(=O)C(N=Nc3cc(ccc3C(=O)OC)C(=O)OC)C(C)=O)cc2,,1.7,
CCCCCCCCCC(O)=O.CCCCCCCC(O)=O.CC(O)CO,,101.458,
CC1CC(CCC1N)CC2CCC(N)C(C)C2,,0.42,
CC(CC1=CC(=CC(=O)N1O)C)CC(C)(C)C.NCCO,,4.9,
CC(O)CO.CC(C)(c1ccc(O)cc1)c2ccc(O)cc2.OC(=O)C=C.ClCC3CO3.O=C4CCC(=O)O4,,4.9,
CCOC(=O)CCCCCCCCC=C,,5.15,
CC(C)C1CCCCC1,,5.04,
Cc1cc(O)c(C)c(C)c1O,,1.466666667,
CC1(C)CC(=O)CC(C)(C1)C#N,,1.313333333,
CC(C)(C)c1cc(CCC(=O)OCCNC(=O)C(=O)NCCOC(=O)CCc2cc(c(O)c(c2)C(C)(C)C)C(C)(C)C)cc(c1O)C(C)(C)C,,5.01,
[Na+].[Na+].[Na+].CN(c1ccc2c(c1)C=C(/C(=N/Nc3ccc4c(cccc4[S]([O-])(=O)=O)c3[S]([O-])(=O)=O)C2=O)[S]([O-])(=O)=O)c5nc(N)nc(Cl)n5,,5,
CCCCCCCCC(O)=O.CCCCCCC(O)=O.CCCCC(O)=O.OCC(CO)(CO)CO,,4.06,
[Na+].[Cr+3].[O-]c1cc(c2ccccc2c1N=Nc3ccc4cccc(c4c3[O-])[S]([O-])(=O)=O)[S]([O-])(=O)=O,,2.8,
CC(C)(C)c1ccc2oc(nc2c1)c3sc(cc3)c4oc5ccc(cc5n4)C(C)(C)C,,1.82,
[Na+].CC(O)C([O-])=O,,7.94,
CC(C)C(N)C(O)=O,,5.26,
CC1=CC2=NC(=O)N=C2C=C1NNC3C(=O)NC(=O)NC3=O,,2.119,
[Na+].[Na+].Cc1c(Nc2cc(c(N)c3C(=O)c4ccccc4C(=O)c23)[S]([O-])(=O)=O)cc(cc1Nc5nc(F)nc(F)c5Cl)[S]([O-])(=O)=O,,5.093,
[Na+].[Na+].[Na+].CCN(c1ccccc1)c2nc(Cl)nc(Nc3cc(cc4C=C(\C(=N/Nc5ccccc5[S]([O-])(=O)=O)C(=O)c34)[S]([O-])(=O)=O)[S]([O-])(=O)=O)n2,,1.5,
NC(Cc1c[nH]c2ccccc12)C(O)=O,,5.17,
CC[C@H](C)[C@H](N)C(O)=O,,5.41,
NCCCOCCCCOCCCN,,1.5,
[K+].[K+].[K+].[K+].[O-][P]([O-])(=O)O[P]([O-])([O-])=O,,1.1,
CCN(CC)c1ccc2nc3ccc(cc3[o+]c2c1)N(CC)CC.[O-][N+]([O-])=O,,0.51,
CCCCC(CC)C(=O)OCC(COC(=O)C(CC)CCCC)OC(=O)C(CC)CCCC,,1.86,
[Al+3].[O-]C=O.[O-]C=O.[O-]C=O,,2.51,
BrCBr,,0.0223,
[Al],,0.888,
[Mn],,5.14,
[Mo],,5.1,
[Nb],,5.45,
[Ta],,5.18,
[Sn],,4.75,
[W],,5.4,
[Sb]#[Sb],,5.2,
[B],,5.08,
[Ge],,5.34,
[Zn],,5.41,
[Li+].[Cl-],,5.57,
CCOC(=O)C(C)CC,,5.967,
[Sn++].[O-][S]([O-])(=O)=O,,2,
CC(C)(C)OO,,1.85,
CC(C)(C)C(O)=O,,5.3,
[Li+].[Br-],,15.57,
II,,4.588,
[Na+].[Na+].O[P]([O-])([O-])=O,,0.83,
CO[P](C)(=O)OC,,2.589,
SCCC(=O)OCC(COC(=O)CCS)(COC(=O)CCS)COC(=O)CCS,,3.363,
OCC1OC2OC3C(O)C(O)C(OC3CO)OC4C(O)C(O)C(OC4CO)OC5C(O)C(O)C(OC5CO)OC6C(O)C(O)C(OC6CO)OC7C(O)C(O)C(OC7CO)OC8C(O)C(O)C(OC8CO)OC1C(O)C2O,,4.9,
[Ba++].Cc1cc(c(N\N=C/2C(=O)C(=Cc3ccccc23)C([O-])=O)cc1Cl)[S]([O-])(=O)=O,,4.76,
CN1C(=C(NC=O)C(=O)N(C)C1=O)N,,5.4,
CC1(C)C2CCC1(C)C(=O)C2,,10,
CCCCC(CC)C(Cl)=O,,1.243333333,
CC(=C)C(=O)OC(=O)C(C)=C,,2.081,
[Na+].[Na+].[Na+].[O-][P]([O-])([O-])=O,,0.83,
CNC(=O)/C(C#N)=C/1NC(c2ccccc12)=C3C(=O)NC(=O)NC3=O,,5.42,
O=[Si]=O,,5.01,
[Na+].[Na+].[O-][Mo]([O-])(=O)=O,,5.1,
O[S](O)(=O)=O,,0.375,
O[N+]([O-])=O,,2.65,
Cc1cc(Cc2cc(C)cc(c2O)C3(C)CCCCC3)c(O)c(c1)C4(C)CCCCC4,,3.18,
CC(O)COc1ccccc1,,5.4,
[Na+].[Na+].[Na+].[Na+].[O-][P]([O-])(=O)O[P]([O-])([O-])=O,,0.58,
[NH4+].[NH4+].[O-][S](=O)(=O)OO[S]([O-])(=O)=O,,2.95,
CCC12COCN1COC2,,3.1,
[K+].[O-][N+]([O-])=O,,0.527,
O.O.O.O.O.O.O.[Na+].[Na+].[O-][S]([O-])=O,,9.625,
[Mg++].O[P]([O-])([O-])=O,,2.6,
[Mg++].[Mg++].[Mg++].[O-][P]([O-])([O-])=O.[O-][P]([O-])([O-])=O,,2.6,
[Ca++].O[P]([O-])([O-])=O,,2.6,
[K+].[K+].O[P]([O-])([O-])=O,,0.83,
[Na+].[Na+].[Na+].[Na+].[O-][P]([O-])(=O)O[P]([O-])([O-])=O,,0.58,
[Ca++].O[P](O)([O-])=O.O[P](O)([O-])=O,,2.6,
[Ca++].[Ca++].[Ca++].[O-][P]([O-])([O-])=O.[O-][P]([O-])([O-])=O,,2.6,
[Ag+].[O-][N+]([O-])=O,,0.00075,
O.O.O.O.[Cl-].[Cl-].[Mn++],,4.45,
[Na+].[O-]B=O,,2.04,
[Na+].[Na+].[O-][S](=O)(=O)OO[S]([O-])(=O)=O,,5.1,
[Ca++].[O-][S]([O-])(=O)=O,,3.26,
O[As](O)(O)=O,,0.995666667,
[K+].[K+].[O-][Cr](=O)(=O)O[Cr]([O-])(=O)=O,,0.092,
[K+].[K+].[K+].[O-][P]([O-])([O-])=O,,0.83,
O[Mo](O)(=O)=O,,3.92,
[NH4+].[NH4+].O[P]([O-])([O-])=O,,5,
[F-].[F-].[Sr++],,4.5,
[F-].[F-].[Zn++],,1.975,
[F-].[F-].[F-].[Al+3],,0.53,
[Al+3].[O-][P]([O-])([O-])=O,,5.1,
[Mn++].[O-][S]([O-])(=O)=O,,4.45,
[Ni++].[O-][S]([O-])(=O)=O,,2.48,
[F-].[F-].[Ba++],,1,
[Sr++].[O-][Cr]([O-])(=O)=O,,0.27,
[Li+].[F-],,15.57,
[F-].[F-].[Ca++],,5.07,
[Ca++].[O-][Mo]([O-])(=O)=O,,5.1,
[Li+].[O-][N+]([O-])=O,,5.93,
CCO[Si](OCC)(OCC)OCC,,13.4,
CCO[P](=O)(OCC)OCC,,8.817,
CCCCOCCO[P](=O)(OCCOCCCC)OCCOCCCC,,6.4,
CC(O)CN,,3.46,
CC(=O)C=O,,13.6,
N.O[V](=O)=O,,2.516666667,
[H+].[H+].[Mg++].[O-]OC(=O)c1ccccc1C([O-])=O.[O-]OC(=O)c2ccccc2C([O-])=O,,1.72,
OC(=O)CCl,,1.268,
OCC(O)=O,,4.4,
CC(=O)OO,,1.17075,
C[C@H](O)C(O)=O,,7.94,
CC(=O)C(N=Nc1cc(ccc1Cl)C(=O)Nc2cc(ccc2Oc3ccc(Cl)cc3)C(F)(F)F)C(=O)Nc4cc(Cl)c(NC(=O)C(N=Nc5cc(ccc5Cl)C(=O)Nc6cc(ccc6Oc7ccc(Cl)cc7)C(F)(F)F)C(C)=O)cc4C,,1.7,
CCCC(C)C1OCC(C)(CCC)CO1,,0.75,
CC(=O)c1c(C)c(c(c(c1C)[N+]([O-])=O)C(C)(C)C)[N+]([O-])=O,,2.99,
O=C1NC(=O)c2ccc3c4ccc5C(=O)NC(=O)c6ccc(c7ccc1c2c37)c4c56,,0.41,
O=C1c2ccccc2C(=O)c3c4Nc5ccc6C(=O)c7ccccc7C(=O)c6c5Nc4ccc13,,5.5,
[Ca++].CC(O)C([O-])=O.CC(O)C([O-])=O,,7.94,
CCNc1nc(NC(C)C)nc(SC)n1,,2.22,
[Li+].[Na+].[Na+].[O-][S](=O)(=O)c1ccc(NC(=O)c2ccccc2)c3C(=O)C(=N/Nc4ccc5c(CNc6nc(F)nc(F)c6Cl)cccc5c4[S]([O-])(=O)=O)/C(=Cc13)[S]([O-])(=O)=O,,1.933,
COC(=O)c1ccc2cc(ccc2c1)C(=O)OC,,2.15,
Clc1ccc(cc1)C2=C3C(=O)NC(=C3C(=O)N2)c4ccc(Cl)cc4,,2.25,
O=C1OC(=O)c2ccccc12,,2.14,
[Na+].[Na+].Cc1ccc(cc1[S]([O-])(=O)=O)[S](=O)(=O)c2cc(NC(=O)C(Br)=C)ccc2N=Nc3c(N)ccc4cc(ccc34)[S]([O-])(=O)=O,,0.42,
[K+].C[C@H](O)C([O-])=O,,7.94,
ClN1C(=O)N(Cl)C(=O)N(Cl)C1=O,,5.25,
CN1CCCC1=O,,5.1,
O=Cc1ccncc1,,5.14,
CC1CC(=O)CC(C)(C)C1,,14.2,
C=CN1CCCC1=O,,3.086666667,
ClC(Cl)c1ccccc1Cl,,7.3,
NC(=O)c1ccccc1N,,5.4,
Nc1ccccc1[N+]([O-])=O,,2.529,
OC(=O)c1ccccc1C(O)=O,,5.058,
CC(C)[C@@H]1CC[C@@H](C)C[C@H]1O,,5.289,
COc1ccccc1N,,3.87,
CC(=O)OC(c1ccccc1)C(Cl)(Cl)Cl,,5,
Oc1ccccc1c2ccccc2,,0.949,
CN[C@@H](C)[C@@H](O)c1ccccc1,,2,
CC(C)=O.C=O.N(c1ccccc1)c2ccccc2,,5,
CCCCCCCCCCCC(=O)OCCOCC(OCCO)C1OCC(OCCO)C1OCCO,,5.1,
CCOC(=O)c1ccccc1[S](=O)(=O)NC(=O)Nc2nc(Cl)cc(OC)n2,,5.18,
C1Cc2ccccc2CN1,,1.927333333,
CCOc1ccc2NC(C)(C)C=C(C)c2c1,,1.97,
Nc1nc(N)nc(n1)c2ccccc2,,2.932,
Cc1cc(ccc1N=C=O)c2ccc(N=C=O)c(C)c2,,1.59,
[Na+].CC(O)[S]([O-])(=O)=O,,5.8,
CC(C)(C)OOC(=O)C(C)(C)C,,7.053333333,
CCCC[NH+](C)C,,2,
COc1ccc(CC=C)cc1OC,,4.8,
COc1ccc(CC#N)cc1OC,,5.5,
OCC1COC(=O)O1,,5.6,
CCCCCCCCCCOC(=O)C(CC)CCCC,,10.55,
CC(/CCc1ccccc1)=C\C#N,,5.31,
CCCCC(CC)C(=O)OCCOCCOCCOC(=O)C(CC)CCCC,,2,
O=C1C=CC(=O)N1c2ccccc2,,0.034,
[Ti+4].CCCCC(CC)C[O-].CCCCC(CC)C[O-].CC(=O)[CH-]C(C)=O.CC(=O)[CH-]C(C)=O,,0.89,
CCCCN[P](N)(N)=S,,2.166666667,
OC1(CCCCC1)C(=O)c2ccccc2,,1,
s1cnc2ccccc12,,5,
Nc1ccc(Cl)c(Cl)c1,,0.631,
OCC(=O)CO,,5,
OCC(O)CS,,1.275,
O=C1CCCO1,,5.1,
O=Cc1occc1,,0.54,
FC(F)(F)c1cccc(Cl)c1,,0.0236,
FC(F)(F)c1ccc(Cl)cc1,,32.03,
CC1COc2ccccc2N1C(=O)C(Cl)Cl,,2,
Cc1ccc(cc1)[N+]([O-])=O,,0.851,
CCCCCCCCSc1nc(Nc2cc(c(O)c(c2)C(C)(C)C)C(C)(C)C)nc(SCCCCCCCC)n1,,1,
CCCCCC(C)OC(=O)COc1ccc(Cl)c2cccnc12,,0.935,
[N-]=[N+]=O,,,500000
C=CC=O,,,16.75
COC,,,164000
FC(F)=C(F)F,,,28500
FC(F)=C(F)C(F)(F)F,,,3060
FC(F)=C(F)OC(F)(F)F,,,10000
CN(C)[S](Cl)(=O)=O,,,1.094333333
Oc1ccccc1C(=O)OC2CCCCC2,,,0.3
FC(F)(F)C(Cl)=O,,,78
FC(C(F)(F)F)C(F)(F)F,,,788696
FC(F)CC(F)(F)F,,,116000
CC[Si](CC)CC,,,1774
CCOCC1CCCO1,,,13.7
[C-]#[O+],,,1300
CCl,,,21.8
CN,,,2.1
CS,,,675
CCCl,,,19000
CCN,,,10.16666667
C1CO1,,,1500
ClC(Cl)=O,,,0.086925
FC(F)F,,,663000
FC(F)(F)F,,,50000
FC(F)(F)C(F)(F)F,,,500000
FF,,,185
ClCl,,,2.263
S,,,474.3333333
FN(F)F,,,5312.5
P,,,42.85
C[Si](C)C,,,1774
